examples/basic_cpu_memory_test.cpp	include/elsim/core/FakeCpu.hpp	DIRECT_INCLUDE
examples/basic_cpu_memory_test.cpp	include/elsim/core/MemoryBus.hpp	DIRECT_INCLUDE
examples/basic_cpu_memory_test.cpp	include/elsim/core/MemoryBusAdapter.hpp	DIRECT_INCLUDE
examples/basic_memory_test.cpp	include/elsim/core/IMemoryMappedDevice.hpp	DIRECT_INCLUDE
examples/basic_memory_test.cpp	include/elsim/core/MemoryBus.hpp	DIRECT_INCLUDE
examples/fakecpu_decode_smoke_test.cpp	include/elsim/core/FakeCpu.hpp	DIRECT_INCLUDE
examples/fakecpu_exec_smoke_test.cpp	include/elsim/core/FakeCpu.hpp	DIRECT_INCLUDE
examples/fakecpu_exec_smoke_test.cpp	include/elsim/core/IMemoryBus.hpp	DIRECT_INCLUDE
examples/fakecpu_exec_smoke_test.cpp	include/elsim/core/Logger.hpp	DIRECT_INCLUDE
examples/fakecpu_exec_smoke_test.cpp	include/elsim/core/MemoryBus.hpp	DIRECT_INCLUDE
examples/fakecpu_exec_smoke_test.cpp	include/elsim/core/MemoryBusAdapter.hpp	DIRECT_INCLUDE
examples/program_loader_smoke_test.cpp	include/elsim/core/Logger.hpp	DIRECT_INCLUDE
examples/program_loader_smoke_test.cpp	include/elsim/core/MemoryBus.hpp	DIRECT_INCLUDE
examples/program_loader_smoke_test.cpp	include/elsim/core/ProgramLoader.hpp	DIRECT_INCLUDE
examples/simulator_smoke_test.cpp	include/elsim/core/Simulator.hpp	DIRECT_INCLUDE
examples/timer_smoke_test.cpp	include/elsim/core/Logger.hpp	DIRECT_INCLUDE
examples/timer_smoke_test.cpp	include/elsim/device/TimerDevice.hpp	DIRECT_INCLUDE
examples/uart-timer-demo/main.cpp	include/elsim/core/Logger.hpp	DIRECT_INCLUDE
examples/uart-timer-demo/main.cpp	include/elsim/device/TimerDevice.hpp	DIRECT_INCLUDE
examples/uart-timer-demo/main.cpp	include/elsim/device/UartDevice.hpp	DIRECT_INCLUDE
examples/uart_smoke_test.cpp	include/elsim/core/Logger.hpp	DIRECT_INCLUDE
examples/uart_smoke_test.cpp	include/elsim/device/UartDevice.hpp	DIRECT_INCLUDE
include/elsim/core/BoardConfigParser.hpp	include/elsim/core/BoardDescription.hpp	DIRECT_INCLUDE
include/elsim/core/DeviceMemoryAdapter.hpp	include/elsim/core/IMemoryMappedDevice.hpp	DIRECT_INCLUDE
include/elsim/core/DeviceMemoryAdapter.hpp	include/elsim/device/IDevice.hpp	DIRECT_INCLUDE
include/elsim/core/FakeCpu.hpp	include/elsim/core/ICpu.hpp	DIRECT_INCLUDE
include/elsim/core/MemoryBus.hpp	include/elsim/core/IMemoryMappedDevice.hpp	DIRECT_INCLUDE
include/elsim/core/MemoryBusAdapter.hpp	include/elsim/core/IMemoryBus.hpp	DIRECT_INCLUDE
include/elsim/core/MemoryBusAdapter.hpp	include/elsim/core/MemoryBus.hpp	DIRECT_INCLUDE
include/elsim/core/ProgramLoader.hpp	include/elsim/core/MemoryBus.hpp	DIRECT_INCLUDE
include/elsim/core/Simulator.hpp	include/elsim/core/GpioController.hpp	DIRECT_INCLUDE
include/elsim/core/Simulator.hpp	include/elsim/core/ICpu.hpp	DIRECT_INCLUDE
include/elsim/core/Simulator.hpp	include/elsim/core/MemoryBus.hpp	DIRECT_INCLUDE
include/elsim/core/Simulator.hpp	include/elsim/device/IDevice.hpp	DIRECT_INCLUDE
include/elsim/device/BaseDevice.hpp	include/elsim/device/IDevice.hpp	DIRECT_INCLUDE
include/elsim/device/DeviceFactory.hpp	include/elsim/core/BoardDescription.hpp	DIRECT_INCLUDE
include/elsim/device/DeviceFactory.hpp	include/elsim/core/GpioController.hpp	DIRECT_INCLUDE
include/elsim/device/DeviceFactory.hpp	include/elsim/device/IDevice.hpp	DIRECT_INCLUDE
include/elsim/device/DeviceManager.hpp	include/elsim/device/IDevice.hpp	DIRECT_INCLUDE
include/elsim/device/GpioDevice.hpp	include/elsim/core/GpioController.hpp	DIRECT_INCLUDE
include/elsim/device/GpioDevice.hpp	include/elsim/device/BaseDevice.hpp	DIRECT_INCLUDE
include/elsim/device/TimerDevice.hpp	include/elsim/core/Logger.hpp	DIRECT_INCLUDE
include/elsim/device/TimerDevice.hpp	include/elsim/device/BaseDevice.hpp	DIRECT_INCLUDE
include/elsim/device/UartDevice.hpp	include/elsim/device/BaseDevice.hpp	DIRECT_INCLUDE
include/elsim/device/VirtualButtonDevice.hpp	include/elsim/core/GpioController.hpp	DIRECT_INCLUDE
include/elsim/device/VirtualButtonDevice.hpp	include/elsim/device/BaseDevice.hpp	DIRECT_INCLUDE
include/elsim/device/VirtualLedDevice.hpp	include/elsim/core/GpioController.hpp	DIRECT_INCLUDE
include/elsim/device/VirtualLedDevice.hpp	include/elsim/device/BaseDevice.hpp	DIRECT_INCLUDE
src/cli/CliApp.cpp	src/cli/CliApp.hpp	DIRECT_INCLUDE
src/cli/CliApp.cpp	src/cli/commands/HelpCommand.hpp	DIRECT_INCLUDE
src/cli/CliApp.cpp	src/cli/commands/ListBoardsCommand.hpp	DIRECT_INCLUDE
src/cli/CliApp.cpp	src/cli/commands/MonitorCommand.hpp	DIRECT_INCLUDE
src/cli/CliApp.cpp	src/cli/commands/PressCommand.hpp	DIRECT_INCLUDE
src/cli/CliApp.cpp	src/cli/commands/RunCommand.hpp	DIRECT_INCLUDE
src/cli/commands/HelpCommand.cpp	src/cli/commands/HelpCommand.hpp	DIRECT_INCLUDE
src/cli/commands/ListBoardsCommand.cpp	src/cli/commands/ListBoardsCommand.hpp	DIRECT_INCLUDE
src/cli/commands/MonitorCommand.cpp	include/elsim/core/BoardConfigParser.hpp	DIRECT_INCLUDE
src/cli/commands/MonitorCommand.cpp	include/elsim/core/BoardDescription.hpp	DIRECT_INCLUDE
src/cli/commands/MonitorCommand.cpp	include/elsim/core/Logger.hpp	DIRECT_INCLUDE
src/cli/commands/MonitorCommand.cpp	include/elsim/core/ProgramLoader.hpp	DIRECT_INCLUDE
src/cli/commands/MonitorCommand.cpp	include/elsim/core/Simulator.hpp	DIRECT_INCLUDE
src/cli/commands/MonitorCommand.cpp	include/elsim/device/VirtualLedDevice.hpp	DIRECT_INCLUDE
src/cli/commands/MonitorCommand.cpp	src/cli/commands/MonitorCommand.hpp	DIRECT_INCLUDE
src/cli/commands/MonitorCommand.cpp	src/cli/monitor/MonitorRenderers.hpp	DIRECT_INCLUDE
src/cli/commands/MonitorCommand.cpp	src/cli/monitor/MonitorSnapshot.hpp	DIRECT_INCLUDE
src/cli/commands/PressCommand.cpp	include/elsim/core/BoardConfigParser.hpp	DIRECT_INCLUDE
src/cli/commands/PressCommand.cpp	include/elsim/core/BoardDescription.hpp	DIRECT_INCLUDE
src/cli/commands/PressCommand.cpp	include/elsim/core/Logger.hpp	DIRECT_INCLUDE
src/cli/commands/PressCommand.cpp	include/elsim/core/ProgramLoader.hpp	DIRECT_INCLUDE
src/cli/commands/PressCommand.cpp	include/elsim/core/Simulator.hpp	DIRECT_INCLUDE
src/cli/commands/PressCommand.cpp	include/elsim/device/VirtualButtonDevice.hpp	DIRECT_INCLUDE
src/cli/commands/PressCommand.cpp	src/cli/commands/PressCommand.hpp	DIRECT_INCLUDE
src/cli/commands/RunCommand.cpp	include/elsim/core/BoardConfigParser.hpp	DIRECT_INCLUDE
src/cli/commands/RunCommand.cpp	include/elsim/core/BoardDescription.hpp	DIRECT_INCLUDE
src/cli/commands/RunCommand.cpp	include/elsim/core/Logger.hpp	DIRECT_INCLUDE
src/cli/commands/RunCommand.cpp	include/elsim/core/ProgramLoader.hpp	DIRECT_INCLUDE
src/cli/commands/RunCommand.cpp	include/elsim/core/Simulator.hpp	DIRECT_INCLUDE
src/cli/commands/RunCommand.cpp	src/cli/commands/RunCommand.hpp	DIRECT_INCLUDE
src/cli/main.cpp	src/cli/CliApp.hpp	DIRECT_INCLUDE
src/cli/monitor/MonitorRenderers.cpp	src/cli/monitor/MonitorRenderers.hpp	DIRECT_INCLUDE
src/cli/monitor/MonitorRenderers.hpp	src/cli/monitor/MonitorSnapshot.hpp	DIRECT_INCLUDE
src/core/BoardConfigParser.cpp	include/elsim/core/BoardConfigParser.hpp	DIRECT_INCLUDE
src/core/DeviceMemoryAdapter.cpp	include/elsim/core/DeviceMemoryAdapter.hpp	DIRECT_INCLUDE
src/core/FakeCpu.cpp	include/elsim/core/FakeCpu.hpp	DIRECT_INCLUDE
src/core/FakeCpu.cpp	include/elsim/core/IMemoryBus.hpp	DIRECT_INCLUDE
src/core/FakeCpu.cpp	include/elsim/core/Logger.hpp	DIRECT_INCLUDE
src/core/GpioController.cpp	include/elsim/core/GpioController.hpp	DIRECT_INCLUDE
src/core/Logger.cpp	include/elsim/core/Logger.hpp	DIRECT_INCLUDE
src/core/MemoryBus.cpp	include/elsim/core/Logger.hpp	DIRECT_INCLUDE
src/core/MemoryBus.cpp	include/elsim/core/MemoryBus.hpp	DIRECT_INCLUDE
src/core/MemoryBusAdapter.cpp	include/elsim/core/MemoryBusAdapter.hpp	DIRECT_INCLUDE
src/core/ProgramLoader.cpp	include/elsim/core/Logger.hpp	DIRECT_INCLUDE
src/core/ProgramLoader.cpp	include/elsim/core/ProgramLoader.hpp	DIRECT_INCLUDE
src/core/Simulator.cpp	include/elsim/core/BoardDescription.hpp	DIRECT_INCLUDE
src/core/Simulator.cpp	include/elsim/core/DeviceMemoryAdapter.hpp	DIRECT_INCLUDE
src/core/Simulator.cpp	include/elsim/core/FakeCpu.hpp	DIRECT_INCLUDE
src/core/Simulator.cpp	include/elsim/core/MemoryBusAdapter.hpp	DIRECT_INCLUDE
src/core/Simulator.cpp	include/elsim/core/Simulator.hpp	DIRECT_INCLUDE
src/core/Simulator.cpp	include/elsim/device/VirtualButtonDevice.hpp	DIRECT_INCLUDE
src/core/Simulator.cpp	include/elsim/device/VirtualLedDevice.hpp	DIRECT_INCLUDE
src/device/DeviceFactory.cpp	include/elsim/core/Logger.hpp	DIRECT_INCLUDE
src/device/DeviceFactory.cpp	include/elsim/device/DeviceFactory.hpp	DIRECT_INCLUDE
src/device/DeviceFactory.cpp	include/elsim/device/GpioDevice.hpp	DIRECT_INCLUDE
src/device/DeviceFactory.cpp	include/elsim/device/TimerDevice.hpp	DIRECT_INCLUDE
src/device/DeviceFactory.cpp	include/elsim/device/UartDevice.hpp	DIRECT_INCLUDE
src/device/DeviceFactory.cpp	include/elsim/device/VirtualButtonDevice.hpp	DIRECT_INCLUDE
src/device/DeviceFactory.cpp	include/elsim/device/VirtualLedDevice.hpp	DIRECT_INCLUDE
src/device/GpioDevice.cpp	include/elsim/core/Logger.hpp	DIRECT_INCLUDE
src/device/GpioDevice.cpp	include/elsim/device/GpioDevice.hpp	DIRECT_INCLUDE
src/device/TimerDevice.cpp	include/elsim/core/Logger.hpp	DIRECT_INCLUDE
src/device/TimerDevice.cpp	include/elsim/device/TimerDevice.hpp	DIRECT_INCLUDE
src/device/UartDevice.cpp	include/elsim/core/Logger.hpp	DIRECT_INCLUDE
src/device/UartDevice.cpp	include/elsim/device/UartDevice.hpp	DIRECT_INCLUDE
src/device/VirtualButtonDevice.cpp	include/elsim/core/Logger.hpp	DIRECT_INCLUDE
src/device/VirtualButtonDevice.cpp	include/elsim/device/VirtualButtonDevice.hpp	DIRECT_INCLUDE
src/device/VirtualLedDevice.cpp	include/elsim/core/Logger.hpp	DIRECT_INCLUDE
src/device/VirtualLedDevice.cpp	include/elsim/device/VirtualLedDevice.hpp	DIRECT_INCLUDE
tests/test_board_config_parser_gpio_led_button.cpp	include/elsim/core/BoardConfigParser.hpp	DIRECT_INCLUDE
tests/test_fakecpu_core.cpp	include/elsim/core/FakeCpu.hpp	DIRECT_INCLUDE
tests/test_fakecpu_core.cpp	include/elsim/core/MemoryBus.hpp	DIRECT_INCLUDE
tests/test_fakecpu_core.cpp	include/elsim/core/MemoryBusAdapter.hpp	DIRECT_INCLUDE
tests/test_gpio_cli_e2e_smoke.cpp	include/elsim/core/BoardConfigParser.hpp	DIRECT_INCLUDE
tests/test_gpio_cli_e2e_smoke.cpp	include/elsim/core/BoardDescription.hpp	DIRECT_INCLUDE
tests/test_gpio_cli_e2e_smoke.cpp	include/elsim/core/Logger.hpp	DIRECT_INCLUDE
tests/test_gpio_cli_e2e_smoke.cpp	include/elsim/core/Simulator.hpp	DIRECT_INCLUDE
tests/test_gpio_cli_e2e_smoke.cpp	include/elsim/device/VirtualButtonDevice.hpp	DIRECT_INCLUDE
tests/test_gpio_cli_e2e_smoke.cpp	include/elsim/device/VirtualLedDevice.hpp	DIRECT_INCLUDE
tests/test_gpio_cli_e2e_smoke.cpp	src/cli/monitor/MonitorRenderers.hpp	DIRECT_INCLUDE
tests/test_gpio_cli_e2e_smoke.cpp	src/cli/monitor/MonitorSnapshot.hpp	DIRECT_INCLUDE
tests/test_gpio_controller.cpp	include/elsim/core/GpioController.hpp	DIRECT_INCLUDE
tests/test_gpio_led_integration.cpp	include/elsim/core/DeviceMemoryAdapter.hpp	DIRECT_INCLUDE
tests/test_gpio_led_integration.cpp	include/elsim/core/GpioController.hpp	DIRECT_INCLUDE
tests/test_gpio_led_integration.cpp	include/elsim/core/MemoryBus.hpp	DIRECT_INCLUDE
tests/test_gpio_led_integration.cpp	include/elsim/device/GpioDevice.hpp	DIRECT_INCLUDE
tests/test_gpio_led_integration.cpp	include/elsim/device/VirtualLedDevice.hpp	DIRECT_INCLUDE
tests/test_gpio_mmio.cpp	include/elsim/core/DeviceMemoryAdapter.hpp	DIRECT_INCLUDE
tests/test_gpio_mmio.cpp	include/elsim/core/GpioController.hpp	DIRECT_INCLUDE
tests/test_gpio_mmio.cpp	include/elsim/core/MemoryBus.hpp	DIRECT_INCLUDE
tests/test_gpio_mmio.cpp	include/elsim/device/GpioDevice.hpp	DIRECT_INCLUDE
tests/test_gpio_mmio.cpp	include/elsim/device/VirtualButtonDevice.hpp	DIRECT_INCLUDE
tests/test_memory_bus.cpp	include/elsim/core/IMemoryMappedDevice.hpp	DIRECT_INCLUDE
tests/test_memory_bus.cpp	include/elsim/core/MemoryBus.hpp	DIRECT_INCLUDE
tests/test_virtual_button_device.cpp	include/elsim/core/GpioController.hpp	DIRECT_INCLUDE
tests/test_virtual_button_device.cpp	include/elsim/device/VirtualButtonDevice.hpp	DIRECT_INCLUDE
tests/test_virtual_led_device.cpp	include/elsim/core/GpioController.hpp	DIRECT_INCLUDE
tests/test_virtual_led_device.cpp	include/elsim/device/VirtualLedDevice.hpp	DIRECT_INCLUDE
